TestSmell,F1,F1_CI_Lower,F1_CI_Upper
AssertionRoulette,0.9798466543554527,0.9654906613257266,0.9906549824740768
ConditionalTestLogic,0.9534134139136652,0.9215080117060667,0.9748368787016937
DuplicateAssert,0.9449007936507936,0.9009757566934902,0.975605840420724
EmptyTest,0.9955555555555555,0.9846153846153847,1.0
ExceptionHandling,0.9842586552632214,0.9692029096610074,0.9964835680751174
IgnoredTest,1.0,1.0,1.0
MagicNumberTest,0.9447186833784773,0.9068366840648029,0.9746335068801174
RedundantPrint,0.9845892303115305,0.9673305326598841,0.9972602739726029
SleepyTest,0.9933333333333334,0.9818181818181818,1.0
UnknownTest,0.9764311574389044,0.9563508883398418,0.9910168349010311
