Language,TestSmell,Precision,Precision_CI_Lower,Precision_CI_Upper,Recall,Recall_CI_Lower,Recall_CI_Upper,F1,F1_CI_Lower,F1_CI_Upper,Accuracy,Accuracy_CI_Lower,Accuracy_CI_Upper
java,AssertionRoulette,1.0,1.0,1.0,0.9733333333333334,0.931810398505604,1.0,0.9864864864864865,0.9647017104714226,1.0,0.9879518072289156,0.9698795180722891,1.0
java,ConditionalTestLogic,1.0,1.0,1.0,0.9777777777777777,0.9210421888053467,1.0,0.9887640449438202,0.9588984489980753,1.0,0.9939759036144579,0.9759036144578314,1.0
java,DuplicateAssert,0.8285714285714286,0.6969065656565657,0.9444444444444444,1.0,1.0,1.0,0.90625,0.8213846604215457,0.9714285714285714,0.963855421686747,0.9337349397590361,0.9879518072289156
java,EmptyTest,1.0,1.0,1.0,1.0,1.0,1.0,1.0,1.0,1.0,1.0,1.0,1.0
java,ExceptionHandling,1.0,1.0,1.0,0.9811320754716981,0.9347826086956522,1.0,0.9904761904761905,0.9662921348314607,1.0,0.9939759036144579,0.9819277108433735,1.0
java,IgnoredTest,1.0,1.0,1.0,1.0,1.0,1.0,1.0,1.0,1.0,1.0,1.0,1.0
java,MagicNumberTest,0.94,0.8727176015473888,1.0,1.0,1.0,1.0,0.9690721649484536,0.9320333186231244,1.0,0.9819277108433735,0.963855421686747,1.0
java,RedundantPrint,1.0,1.0,1.0,0.9375,0.8420203735144313,1.0,0.967741935483871,0.9142355889724311,1.0,0.9879518072289156,0.9698795180722891,1.0
java,SleepyTest,1.0,1.0,1.0,1.0,1.0,1.0,1.0,1.0,1.0,1.0,1.0,1.0
java,UnknownTest,0.96,0.8928183229813665,1.0,1.0,1.0,1.0,0.9795918367346939,0.9433745391455216,1.0,0.9879518072289156,0.9698795180722891,1.0
python,AssertionRoulette,0.9859154929577465,0.9552069199457259,1.0,0.9722222222222222,0.9285455486542443,1.0,0.9790209790209791,0.9517072582589824,1.0,0.9819277108433735,0.9578313253012049,1.0
python,ConditionalTestLogic,1.0,1.0,1.0,0.8695652173913043,0.7674418604651163,0.9574468085106383,0.9302325581395349,0.868421052631579,0.9782608695652174,0.963855421686747,0.9337349397590361,0.9879518072289156
python,DuplicateAssert,0.875,0.75,0.9722409909909909,1.0,1.0,1.0,0.9333333333333333,0.8571428571428571,0.9859251398803782,0.9759036144578314,0.9518072289156626,0.9939759036144579
python,EmptyTest,1.0,1.0,1.0,1.0,1.0,1.0,1.0,1.0,1.0,1.0,1.0,1.0
python,ExceptionHandling,1.0,1.0,1.0,0.9210526315789473,0.827521551724138,1.0,0.958904109589041,0.9056216076505558,1.0,0.9819277108433735,0.9578313253012049,1.0
python,IgnoredTest,1.0,1.0,1.0,1.0,1.0,1.0,1.0,1.0,1.0,1.0,1.0,1.0
python,MagicNumberTest,0.9777777777777777,0.925,1.0,0.9565217391304348,0.8799512195121951,1.0,0.967032967032967,0.9176470588235294,1.0,0.9819277108433735,0.9578313253012049,1.0
python,RedundantPrint,1.0,1.0,1.0,0.9714285714285714,0.9062127976190476,1.0,0.9855072463768116,0.9507991803278688,1.0,0.9939759036144579,0.9819277108433735,1.0
python,SleepyTest,1.0,1.0,1.0,1.0,1.0,1.0,1.0,1.0,1.0,1.0,1.0,1.0
python,UnknownTest,1.0,1.0,1.0,1.0,1.0,1.0,1.0,1.0,1.0,1.0,1.0,1.0
csharp,AssertionRoulette,0.9722222222222222,0.9315068493150684,1.0,0.958904109589041,0.9027777777777778,1.0,0.9655172413793104,0.9302325581395349,0.9931972789115646,0.9698795180722891,0.9397590361445783,0.9939759036144579
csharp,ConditionalTestLogic,1.0,1.0,1.0,0.9772727272727273,0.925,1.0,0.9885057471264368,0.961038961038961,1.0,0.9939759036144579,0.9819277108433735,1.0
csharp,DuplicateAssert,0.8787878787878788,0.7567567567567568,0.9736842105263158,0.9666666666666667,0.8888095238095238,1.0,0.9206349206349206,0.8437088815789474,0.9830647402056127,0.9698795180722891,0.9397590361445783,0.9939759036144579
csharp,EmptyTest,1.0,1.0,1.0,1.0,1.0,1.0,1.0,1.0,1.0,1.0,1.0,1.0
csharp,IgnoredTest,1.0,1.0,1.0,1.0,1.0,1.0,1.0,1.0,1.0,1.0,1.0,1.0
csharp,MagicNumberTest,1.0,1.0,1.0,0.8723404255319149,0.7708333333333334,0.9615566037735849,0.9318181818181818,0.8705882352941177,0.9804015837104072,0.963855421686747,0.9337349397590361,0.9879518072289156
csharp,RedundantPrint,1.0,1.0,1.0,1.0,1.0,1.0,1.0,1.0,1.0,1.0,1.0,1.0
csharp,SleepyTest,1.0,1.0,1.0,1.0,1.0,1.0,1.0,1.0,1.0,1.0,1.0,1.0
csharp,UnknownTest,0.96,0.9,1.0,1.0,1.0,1.0,0.9795918367346939,0.9473684210526315,1.0,0.9879518072289156,0.9698795180722891,1.0
javascript,AssertionRoulette,1.0,1.0,1.0,0.974025974025974,0.931810398505604,1.0,0.9868421052631579,0.9647017104714226,1.0,0.9879518072289156,0.9698795180722891,1.0
javascript,ConditionalTestLogic,0.9787234042553191,0.9272616407982261,1.0,0.92,0.84,0.981489898989899,0.9484536082474226,0.8951544401544402,0.9887702185454994,0.9698795180722891,0.9397590361445783,0.9939759036144579
javascript,DuplicateAssert,1.0,1.0,1.0,1.0,1.0,1.0,1.0,1.0,1.0,1.0,1.0,1.0
javascript,EmptyTest,1.0,1.0,1.0,1.0,1.0,1.0,1.0,1.0,1.0,1.0,1.0,1.0
javascript,ExceptionHandling,1.0,1.0,1.0,1.0,1.0,1.0,1.0,1.0,1.0,1.0,1.0,1.0
javascript,IgnoredTest,1.0,1.0,1.0,1.0,1.0,1.0,1.0,1.0,1.0,1.0,1.0,1.0
javascript,MagicNumberTest,0.9375,0.8653716216216216,1.0,0.9183673469387755,0.8362878787878788,0.9818181818181818,0.9278350515463918,0.8686564439576488,0.974375,0.9578313253012049,0.927710843373494,0.9819277108433735
javascript,RedundantPrint,1.0,1.0,1.0,0.9411764705882353,0.8571428571428571,1.0,0.9696969696969697,0.9230769230769231,1.0,0.9879518072289156,0.9698795180722891,1.0
javascript,SleepyTest,1.0,1.0,1.0,1.0,1.0,1.0,1.0,1.0,1.0,1.0,1.0,1.0
javascript,UnknownTest,0.9464285714285714,0.8727176015473888,1.0,1.0,1.0,1.0,0.9724770642201835,0.9320333186231244,1.0,0.9819277108433735,0.9578313253012049,1.0
typescript,AssertionRoulette,1.0,1.0,1.0,0.9634146341463414,0.9176470588235294,1.0,0.9813664596273292,0.9570552147239264,1.0,0.9819277108433735,0.9578313253012049,1.0
typescript,ConditionalTestLogic,1.0,1.0,1.0,0.8367346938775511,0.7249601063829787,0.9361702127659575,0.9111111111111111,0.840552871712292,0.967032967032967,0.9518072289156626,0.9156626506024096,0.9819277108433735
typescript,DuplicateAssert,1.0,1.0,1.0,0.9310344827586207,0.8181818181818182,1.0,0.9642857142857143,0.9,1.0,0.9879518072289156,0.9698795180722891,1.0
typescript,EmptyTest,0.9565217391304348,0.8571428571428571,1.0,1.0,1.0,1.0,0.9777777777777777,0.9230769230769231,1.0,0.9939759036144579,0.9819277108433735,1.0
typescript,ExceptionHandling,1.0,1.0,1.0,0.975609756097561,0.9117647058823529,1.0,0.9876543209876543,0.9538461538461539,1.0,0.9939759036144579,0.9819277108433735,1.0
typescript,IgnoredTest,1.0,1.0,1.0,1.0,1.0,1.0,1.0,1.0,1.0,1.0,1.0,1.0
typescript,MagicNumberTest,0.9375,0.8653716216216216,1.0,0.9183673469387755,0.8362878787878788,0.9818181818181818,0.9278350515463918,0.8686564439576488,0.974375,0.9578313253012049,0.927710843373494,0.9819277108433735
typescript,RedundantPrint,1.0,1.0,1.0,1.0,1.0,1.0,1.0,1.0,1.0,1.0,1.0,1.0
typescript,SleepyTest,1.0,1.0,1.0,0.9354838709677419,0.8333333333333334,1.0,0.9666666666666667,0.9090909090909091,1.0,0.9879518072289156,0.9698795180722891,1.0
typescript,UnknownTest,0.9056603773584906,0.8153846153846154,0.9796020408163265,1.0,1.0,1.0,0.9504950495049505,0.8983050847457628,0.9896959283557222,0.9698795180722891,0.9397590361445783,0.9939759036144579
