tool,language,filename,smell,error_type,cause_class,y_true,y_pred
pytest-smell,python,test_smell_001.py,AssertionRoulette,FN,test_discovery_silent,1,0
pytest-smell,python,test_smell_001.py,MagicNumberTest,FN,test_discovery_silent,1,0
pytest-smell,python,test_smell_002.py,AssertionRoulette,FN,test_discovery_silent,1,0
pytest-smell,python,test_smell_003.py,AssertionRoulette,FN,test_discovery_silent,1,0
pytest-smell,python,test_smell_003.py,SleepyTest,FN,test_discovery_silent,1,0
pytest-smell,python,test_smell_004.py,AssertionRoulette,FN,test_discovery_silent,1,0
pytest-smell,python,test_smell_004.py,ConditionalTestLogic,FN,test_discovery_silent,1,0
pytest-smell,python,test_smell_004.py,MagicNumberTest,FN,test_discovery_silent,1,0
pytest-smell,python,test_smell_005.py,AssertionRoulette,FN,test_discovery_silent,1,0
pytest-smell,python,test_smell_006.py,AssertionRoulette,FN,test_discovery_silent,1,0
pytest-smell,python,test_smell_006.py,SleepyTest,FN,test_discovery_silent,1,0
pytest-smell,python,test_smell_007.py,AssertionRoulette,FN,test_discovery_silent,1,0
pytest-smell,python,test_smell_007.py,DuplicateAssert,FN,test_discovery_silent,1,0
pytest-smell,python,test_smell_008.py,AssertionRoulette,FN,test_discovery_silent,1,0
pytest-smell,python,test_smell_008.py,DuplicateAssert,FN,test_discovery_silent,1,0
pytest-smell,python,test_smell_008.py,ExceptionHandling,FN,test_discovery_silent,1,0
pytest-smell,python,test_smell_008.py,IgnoredTest,FN,test_discovery_silent,1,0
pytest-smell,python,test_smell_008.py,RedundantPrint,FN,test_discovery_silent,1,0
pytest-smell,python,test_smell_009.py,AssertionRoulette,FN,test_discovery_silent,1,0
pytest-smell,python,test_smell_010.py,AssertionRoulette,FN,test_discovery_silent,1,0
pytest-smell,python,test_smell_010.py,ExceptionHandling,FN,test_discovery_silent,1,0
pytest-smell,python,test_smell_010.py,MagicNumberTest,FN,test_discovery_silent,1,0
pytest-smell,python,test_smell_010.py,SleepyTest,FN,test_discovery_silent,1,0
pytest-smell,python,test_smell_011.py,ConditionalTestLogic,FN,test_discovery_silent,1,0
pytest-smell,python,test_smell_012.py,AssertionRoulette,FN,test_discovery_silent,1,0
pytest-smell,python,test_smell_012.py,ConditionalTestLogic,FN,test_discovery_silent,1,0
pytest-smell,python,test_smell_012.py,MagicNumberTest,FN,test_discovery_silent,1,0
pytest-smell,python,test_smell_012.py,RedundantPrint,FN,test_discovery_silent,1,0
pytest-smell,python,test_smell_013.py,ConditionalTestLogic,FN,test_discovery_silent,1,0
pytest-smell,python,test_smell_013.py,ExceptionHandling,FN,test_discovery_silent,1,0
pytest-smell,python,test_smell_014.py,ConditionalTestLogic,FN,test_discovery_silent,1,0
pytest-smell,python,test_smell_014.py,ExceptionHandling,FN,test_discovery_silent,1,0
pytest-smell,python,test_smell_014.py,RedundantPrint,FN,test_discovery_silent,1,0
pytest-smell,python,test_smell_015.py,ConditionalTestLogic,FN,test_discovery_silent,1,0
pytest-smell,python,test_smell_015.py,MagicNumberTest,FN,test_discovery_silent,1,0
pytest-smell,python,test_smell_016.py,ConditionalTestLogic,FN,test_discovery_silent,1,0
pytest-smell,python,test_smell_016.py,RedundantPrint,FN,test_discovery_silent,1,0
pytest-smell,python,test_smell_016.py,SleepyTest,FN,test_discovery_silent,1,0
pytest-smell,python,test_smell_016.py,UnknownTest,FN,test_discovery_silent,1,0
pytest-smell,python,test_smell_017.py,AssertionRoulette,FN,test_discovery_silent,1,0
pytest-smell,python,test_smell_017.py,ConditionalTestLogic,FN,test_discovery_silent,1,0
pytest-smell,python,test_smell_017.py,MagicNumberTest,FN,test_discovery_silent,1,0
pytest-smell,python,test_smell_018.py,AssertionRoulette,FN,test_discovery_silent,1,0
pytest-smell,python,test_smell_018.py,ConditionalTestLogic,FN,test_discovery_silent,1,0
pytest-smell,python,test_smell_018.py,ExceptionHandling,FN,test_discovery_silent,1,0
pytest-smell,python,test_smell_018.py,MagicNumberTest,FN,test_discovery_silent,1,0
pytest-smell,python,test_smell_019.py,AssertionRoulette,FN,test_discovery_silent,1,0
pytest-smell,python,test_smell_019.py,ConditionalTestLogic,FN,test_discovery_silent,1,0
pytest-smell,python,test_smell_019.py,ExceptionHandling,FN,test_discovery_silent,1,0
pytest-smell,python,test_smell_019.py,SleepyTest,FN,test_discovery_silent,1,0
pytest-smell,python,test_smell_020.py,AssertionRoulette,FN,test_discovery_silent,1,0
pytest-smell,python,test_smell_020.py,DuplicateAssert,FN,test_discovery_silent,1,0
pytest-smell,python,test_smell_020.py,IgnoredTest,FN,test_discovery_silent,1,0
pytest-smell,python,test_smell_020.py,MagicNumberTest,FN,test_discovery_silent,1,0
pytest-smell,python,test_smell_021.py,AssertionRoulette,FN,test_discovery_silent,1,0
pytest-smell,python,test_smell_021.py,ConditionalTestLogic,FN,test_discovery_silent,1,0
pytest-smell,python,test_smell_021.py,DuplicateAssert,FN,test_discovery_silent,1,0
pytest-smell,python,test_smell_021.py,MagicNumberTest,FN,test_discovery_silent,1,0
pytest-smell,python,test_smell_022.py,AssertionRoulette,FN,test_discovery_silent,1,0
pytest-smell,python,test_smell_022.py,ConditionalTestLogic,FN,test_discovery_silent,1,0
pytest-smell,python,test_smell_022.py,DuplicateAssert,FN,test_discovery_silent,1,0
pytest-smell,python,test_smell_022.py,RedundantPrint,FN,test_discovery_silent,1,0
pytest-smell,python,test_smell_023.py,AssertionRoulette,FN,test_discovery_silent,1,0
pytest-smell,python,test_smell_023.py,DuplicateAssert,FN,test_discovery_silent,1,0
pytest-smell,python,test_smell_023.py,MagicNumberTest,FN,test_discovery_silent,1,0
pytest-smell,python,test_smell_024.py,AssertionRoulette,FN,test_discovery_silent,1,0
pytest-smell,python,test_smell_024.py,DuplicateAssert,FN,test_discovery_silent,1,0
pytest-smell,python,test_smell_024.py,ExceptionHandling,FN,test_discovery_silent,1,0
pytest-smell,python,test_smell_024.py,IgnoredTest,FN,test_discovery_silent,1,0
pytest-smell,python,test_smell_024.py,RedundantPrint,FN,test_discovery_silent,1,0
pytest-smell,python,test_smell_025.py,AssertionRoulette,FN,test_discovery_silent,1,0
pytest-smell,python,test_smell_025.py,DuplicateAssert,FN,test_discovery_silent,1,0
pytest-smell,python,test_smell_025.py,ExceptionHandling,FN,test_discovery_silent,1,0
pytest-smell,python,test_smell_025.py,MagicNumberTest,FN,test_discovery_silent,1,0
pytest-smell,python,test_smell_025.py,RedundantPrint,FN,test_discovery_silent,1,0
pytest-smell,python,test_smell_026.py,AssertionRoulette,FN,test_discovery_silent,1,0
pytest-smell,python,test_smell_026.py,DuplicateAssert,FN,test_discovery_silent,1,0
pytest-smell,python,test_smell_027.py,AssertionRoulette,FN,test_discovery_silent,1,0
pytest-smell,python,test_smell_027.py,DuplicateAssert,FN,test_discovery_silent,1,0
pytest-smell,python,test_smell_028.py,AssertionRoulette,FN,test_discovery_silent,1,0
pytest-smell,python,test_smell_028.py,DuplicateAssert,FN,test_discovery_silent,1,0
pytest-smell,python,test_smell_029.py,AssertionRoulette,FN,test_discovery_silent,1,0
pytest-smell,python,test_smell_029.py,DuplicateAssert,FN,test_discovery_silent,1,0
pytest-smell,python,test_smell_030.py,EmptyTest,FN,test_discovery_silent,1,0
pytest-smell,python,test_smell_030.py,UnknownTest,FN,test_discovery_silent,1,0
pytest-smell,python,test_smell_031.py,EmptyTest,FN,test_discovery_silent,1,0
pytest-smell,python,test_smell_031.py,UnknownTest,FN,test_discovery_silent,1,0
pytest-smell,python,test_smell_032.py,EmptyTest,FN,test_discovery_silent,1,0
pytest-smell,python,test_smell_032.py,UnknownTest,FN,test_discovery_silent,1,0
pytest-smell,python,test_smell_033.py,EmptyTest,FN,test_discovery_silent,1,0
pytest-smell,python,test_smell_033.py,UnknownTest,FN,test_discovery_silent,1,0
pytest-smell,python,test_smell_034.py,EmptyTest,FN,test_discovery_silent,1,0
pytest-smell,python,test_smell_034.py,UnknownTest,FN,test_discovery_silent,1,0
pytest-smell,python,test_smell_035.py,EmptyTest,FN,test_discovery_silent,1,0
pytest-smell,python,test_smell_035.py,UnknownTest,FN,test_discovery_silent,1,0
pytest-smell,python,test_smell_036.py,EmptyTest,FN,test_discovery_silent,1,0
pytest-smell,python,test_smell_036.py,IgnoredTest,FN,test_discovery_silent,1,0
pytest-smell,python,test_smell_036.py,UnknownTest,FN,test_discovery_silent,1,0
pytest-smell,python,test_smell_037.py,EmptyTest,FN,test_discovery_silent,1,0
pytest-smell,python,test_smell_037.py,UnknownTest,FN,test_discovery_silent,1,0
pytest-smell,python,test_smell_038.py,EmptyTest,FN,test_discovery_silent,1,0
pytest-smell,python,test_smell_038.py,UnknownTest,FN,test_discovery_silent,1,0
pytest-smell,python,test_smell_039.py,EmptyTest,FN,test_discovery_silent,1,0
pytest-smell,python,test_smell_039.py,UnknownTest,FN,test_discovery_silent,1,0
pytest-smell,python,test_smell_040.py,ExceptionHandling,FN,test_discovery_silent,1,0
pytest-smell,python,test_smell_040.py,MagicNumberTest,FN,test_discovery_silent,1,0
pytest-smell,python,test_smell_040.py,RedundantPrint,FN,test_discovery_silent,1,0
pytest-smell,python,test_smell_041.py,ConditionalTestLogic,FN,test_discovery_silent,1,0
pytest-smell,python,test_smell_041.py,ExceptionHandling,FN,test_discovery_silent,1,0
pytest-smell,python,test_smell_041.py,RedundantPrint,FN,test_discovery_silent,1,0
pytest-smell,python,test_smell_041.py,UnknownTest,FN,test_discovery_silent,1,0
pytest-smell,python,test_smell_042.py,AssertionRoulette,FN,test_discovery_silent,1,0
pytest-smell,python,test_smell_042.py,DuplicateAssert,FN,test_discovery_silent,1,0
pytest-smell,python,test_smell_042.py,ExceptionHandling,FN,test_discovery_silent,1,0
pytest-smell,python,test_smell_042.py,RedundantPrint,FN,test_discovery_silent,1,0
pytest-smell,python,test_smell_043.py,AssertionRoulette,FN,test_discovery_silent,1,0
pytest-smell,python,test_smell_043.py,DuplicateAssert,FN,test_discovery_silent,1,0
pytest-smell,python,test_smell_043.py,ExceptionHandling,FN,test_discovery_silent,1,0
pytest-smell,python,test_smell_043.py,SleepyTest,FN,test_discovery_silent,1,0
pytest-smell,python,test_smell_044.py,AssertionRoulette,FN,test_discovery_silent,1,0
pytest-smell,python,test_smell_044.py,DuplicateAssert,FN,test_discovery_silent,1,0
pytest-smell,python,test_smell_044.py,ExceptionHandling,FN,test_discovery_silent,1,0
pytest-smell,python,test_smell_044.py,IgnoredTest,FN,test_discovery_silent,1,0
pytest-smell,python,test_smell_044.py,RedundantPrint,FN,test_discovery_silent,1,0
pytest-smell,python,test_smell_045.py,AssertionRoulette,FN,test_discovery_silent,1,0
pytest-smell,python,test_smell_045.py,ExceptionHandling,FN,test_discovery_silent,1,0
pytest-smell,python,test_smell_045.py,MagicNumberTest,FN,test_discovery_silent,1,0
pytest-smell,python,test_smell_045.py,SleepyTest,FN,test_discovery_silent,1,0
pytest-smell,python,test_smell_046.py,ConditionalTestLogic,FN,test_discovery_silent,1,0
pytest-smell,python,test_smell_046.py,ExceptionHandling,FN,test_discovery_silent,1,0
pytest-smell,python,test_smell_047.py,AssertionRoulette,FN,test_discovery_silent,1,0
pytest-smell,python,test_smell_047.py,ExceptionHandling,FN,test_discovery_silent,1,0
pytest-smell,python,test_smell_048.py,ConditionalTestLogic,FN,test_discovery_silent,1,0
pytest-smell,python,test_smell_048.py,ExceptionHandling,FN,test_discovery_silent,1,0
pytest-smell,python,test_smell_048.py,SleepyTest,FN,test_discovery_silent,1,0
pytest-smell,python,test_smell_049.py,IgnoredTest,FN,test_discovery_silent,1,0
pytest-smell,python,test_smell_050.py,IgnoredTest,FN,test_discovery_silent,1,0
pytest-smell,python,test_smell_051.py,IgnoredTest,FN,test_discovery_silent,1,0
pytest-smell,python,test_smell_051.py,UnknownTest,FN,test_discovery_silent,1,0
pytest-smell,python,test_smell_052.py,IgnoredTest,FN,test_discovery_silent,1,0
pytest-smell,python,test_smell_053.py,IgnoredTest,FN,test_discovery_silent,1,0
pytest-smell,python,test_smell_053.py,UnknownTest,FN,test_discovery_silent,1,0
pytest-smell,python,test_smell_054.py,AssertionRoulette,FN,test_discovery_silent,1,0
pytest-smell,python,test_smell_054.py,DuplicateAssert,FN,test_discovery_silent,1,0
pytest-smell,python,test_smell_054.py,IgnoredTest,FN,test_discovery_silent,1,0
pytest-smell,python,test_smell_054.py,MagicNumberTest,FN,test_discovery_silent,1,0
pytest-smell,python,test_smell_055.py,AssertionRoulette,FN,test_discovery_silent,1,0
pytest-smell,python,test_smell_055.py,IgnoredTest,FN,test_discovery_silent,1,0
pytest-smell,python,test_smell_055.py,MagicNumberTest,FN,test_discovery_silent,1,0
pytest-smell,python,test_smell_056.py,IgnoredTest,FN,test_discovery_silent,1,0
pytest-smell,python,test_smell_056.py,UnknownTest,FN,test_discovery_silent,1,0
pytest-smell,python,test_smell_057.py,MagicNumberTest,FN,test_discovery_silent,1,0
pytest-smell,python,test_smell_058.py,AssertionRoulette,FN,test_discovery_silent,1,0
pytest-smell,python,test_smell_058.py,ExceptionHandling,FN,test_discovery_silent,1,0
pytest-smell,python,test_smell_058.py,MagicNumberTest,FN,test_discovery_silent,1,0
pytest-smell,python,test_smell_058.py,SleepyTest,FN,test_discovery_silent,1,0
pytest-smell,python,test_smell_059.py,AssertionRoulette,FN,test_discovery_silent,1,0
pytest-smell,python,test_smell_059.py,MagicNumberTest,FN,test_discovery_silent,1,0
pytest-smell,python,test_smell_060.py,MagicNumberTest,FN,test_discovery_silent,1,0
pytest-smell,python,test_smell_061.py,MagicNumberTest,FN,test_discovery_silent,1,0
pytest-smell,python,test_smell_062.py,MagicNumberTest,FN,test_discovery_silent,1,0
pytest-smell,python,test_smell_063.py,MagicNumberTest,FN,test_discovery_silent,1,0
pytest-smell,python,test_smell_064.py,MagicNumberTest,FN,test_discovery_silent,1,0
pytest-smell,python,test_smell_065.py,AssertionRoulette,FN,test_discovery_silent,1,0
pytest-smell,python,test_smell_065.py,RedundantPrint,FN,test_discovery_silent,1,0
pytest-smell,python,test_smell_066.py,IgnoredTest,FN,test_discovery_silent,1,0
pytest-smell,python,test_smell_066.py,RedundantPrint,FN,test_discovery_silent,1,0
pytest-smell,python,test_smell_067.py,RedundantPrint,FN,test_discovery_silent,1,0
pytest-smell,python,test_smell_068.py,AssertionRoulette,FN,test_discovery_silent,1,0
pytest-smell,python,test_smell_068.py,ConditionalTestLogic,FN,test_discovery_silent,1,0
pytest-smell,python,test_smell_068.py,RedundantPrint,FN,test_discovery_silent,1,0
pytest-smell,python,test_smell_069.py,MagicNumberTest,FN,test_discovery_silent,1,0
pytest-smell,python,test_smell_069.py,RedundantPrint,FN,test_discovery_silent,1,0
pytest-smell,python,test_smell_069.py,SleepyTest,FN,test_discovery_silent,1,0
pytest-smell,python,test_smell_070.py,ConditionalTestLogic,FN,test_discovery_silent,1,0
pytest-smell,python,test_smell_070.py,ExceptionHandling,FN,test_discovery_silent,1,0
pytest-smell,python,test_smell_070.py,RedundantPrint,FN,test_discovery_silent,1,0
pytest-smell,python,test_smell_071.py,AssertionRoulette,FN,test_discovery_silent,1,0
pytest-smell,python,test_smell_071.py,ConditionalTestLogic,FN,test_discovery_silent,1,0
pytest-smell,python,test_smell_071.py,ExceptionHandling,FN,test_discovery_silent,1,0
pytest-smell,python,test_smell_071.py,SleepyTest,FN,test_discovery_silent,1,0
pytest-smell,python,test_smell_072.py,AssertionRoulette,FN,test_discovery_silent,1,0
pytest-smell,python,test_smell_072.py,SleepyTest,FN,test_discovery_silent,1,0
pytest-smell,python,test_smell_073.py,ConditionalTestLogic,FN,test_discovery_silent,1,0
pytest-smell,python,test_smell_073.py,DuplicateAssert,FN,test_discovery_silent,1,0
pytest-smell,python,test_smell_073.py,ExceptionHandling,FN,test_discovery_silent,1,0
pytest-smell,python,test_smell_073.py,SleepyTest,FN,test_discovery_silent,1,0
pytest-smell,python,test_smell_074.py,ExceptionHandling,FN,test_discovery_silent,1,0
pytest-smell,python,test_smell_074.py,RedundantPrint,FN,test_discovery_silent,1,0
pytest-smell,python,test_smell_074.py,SleepyTest,FN,test_discovery_silent,1,0
pytest-smell,python,test_smell_074.py,UnknownTest,FN,test_discovery_silent,1,0
pytest-smell,python,test_smell_075.py,MagicNumberTest,FN,test_discovery_silent,1,0
pytest-smell,python,test_smell_075.py,RedundantPrint,FN,test_discovery_silent,1,0
pytest-smell,python,test_smell_075.py,SleepyTest,FN,test_discovery_silent,1,0
pytest-smell,python,test_smell_076.py,SleepyTest,FN,test_discovery_silent,1,0
pytest-smell,python,test_smell_077.py,ExceptionHandling,FN,test_discovery_silent,1,0
pytest-smell,python,test_smell_077.py,RedundantPrint,FN,test_discovery_silent,1,0
pytest-smell,python,test_smell_077.py,SleepyTest,FN,test_discovery_silent,1,0
pytest-smell,python,test_smell_077.py,UnknownTest,FN,test_discovery_silent,1,0
pytest-smell,python,test_smell_078.py,ConditionalTestLogic,FN,test_discovery_silent,1,0
pytest-smell,python,test_smell_078.py,ExceptionHandling,FN,test_discovery_silent,1,0
pytest-smell,python,test_smell_078.py,SleepyTest,FN,test_discovery_silent,1,0
pytest-smell,python,test_smell_078.py,UnknownTest,FN,test_discovery_silent,1,0
pytest-smell,python,test_smell_079.py,UnknownTest,FN,test_discovery_silent,1,0
pytest-smell,python,test_smell_080.py,EmptyTest,FN,test_discovery_silent,1,0
pytest-smell,python,test_smell_080.py,UnknownTest,FN,test_discovery_silent,1,0
pytest-smell,python,test_smell_081.py,EmptyTest,FN,test_discovery_silent,1,0
pytest-smell,python,test_smell_081.py,UnknownTest,FN,test_discovery_silent,1,0
pytest-smell,python,test_smell_082.py,UnknownTest,FN,test_discovery_silent,1,0
pytest-smell,python,test_smell_083.py,UnknownTest,FN,test_discovery_silent,1,0
pytest-smell,python,test_smell_084.py,UnknownTest,FN,test_discovery_silent,1,0
pytest-smell,python,test_smell_085.py,MagicNumberTest,FP,other_unresolved,0,1
pytest-smell,python,test_smell_086.py,AssertionRoulette,FN,test_discovery_silent,1,0
pytest-smell,python,test_smell_086.py,RedundantPrint,FN,test_discovery_silent,1,0
pytest-smell,python,test_smell_087.py,ConditionalTestLogic,FN,other_unresolved,1,0
pytest-smell,python,test_smell_088.py,AssertionRoulette,FN,test_discovery_silent,1,0
pytest-smell,python,test_smell_089.py,AssertionRoulette,FN,test_discovery_silent,1,0
pytest-smell,python,test_smell_089.py,DuplicateAssert,FN,test_discovery_silent,1,0
pytest-smell,python,test_smell_091.py,AssertionRoulette,FN,test_discovery_silent,1,0
pytest-smell,python,test_smell_091.py,DuplicateAssert,FN,test_discovery_silent,1,0
pytest-smell,python,test_smell_091.py,ExceptionHandling,FN,test_discovery_silent,1,0
pytest-smell,python,test_smell_092.py,ConditionalTestLogic,FP,other_unresolved,0,1
pytest-smell,python,test_smell_094.py,MagicNumberTest,FP,other_unresolved,0,1
pytest-smell,python,test_smell_095.py,AssertionRoulette,FN,test_discovery_silent,1,0
pytest-smell,python,test_smell_095.py,ConditionalTestLogic,FN,test_discovery_silent,1,0
pytest-smell,python,test_smell_095.py,MagicNumberTest,FN,test_discovery_silent,1,0
pytest-smell,python,test_smell_096.py,ExceptionHandling,FN,other_unresolved,1,0
pytest-smell,python,test_smell_096.py,SleepyTest,FN,other_unresolved,1,0
pytest-smell,python,test_smell_097.py,MagicNumberTest,FP,other_unresolved,0,1
pytest-smell,python,test_smell_097.py,UnknownTest,FN,other_unresolved,1,0
pytest-smell,python,test_smell_098.py,ConditionalTestLogic,FN,test_discovery_silent,1,0
pytest-smell,python,test_smell_098.py,ExceptionHandling,FN,test_discovery_silent,1,0
pytest-smell,python,test_smell_098.py,UnknownTest,FN,test_discovery_silent,1,0
pytest-smell,python,test_smell_099.py,AssertionRoulette,FN,other_unresolved,1,0
pytest-smell,python,test_smell_099.py,MagicNumberTest,FP,other_unresolved,0,1
pytest-smell,python,test_smell_100.py,ConditionalTestLogic,FN,test_discovery_silent,1,0
pytest-smell,python,test_smell_100.py,RedundantPrint,FN,test_discovery_silent,1,0
pytest-smell,python,test_smell_100.py,SleepyTest,FN,test_discovery_silent,1,0
pytest-smell,python,test_smell_101.py,ConditionalTestLogic,FN,test_discovery_silent,1,0
pytest-smell,python,test_smell_101.py,UnknownTest,FN,test_discovery_silent,1,0
pytest-smell,python,test_smell_103.py,ConditionalTestLogic,FN,test_discovery_silent,1,0
pytest-smell,python,test_smell_103.py,RedundantPrint,FN,test_discovery_silent,1,0
pytest-smell,python,test_smell_103.py,UnknownTest,FN,test_discovery_silent,1,0
pytest-smell,python,test_smell_104.py,AssertionRoulette,FP,other_unresolved,0,1
pytest-smell,python,test_smell_108.py,AssertionRoulette,FN,test_discovery_silent,1,0
pytest-smell,python,test_smell_108.py,DuplicateAssert,FN,test_discovery_silent,1,0
pytest-smell,python,test_smell_109.py,AssertionRoulette,FN,test_discovery_silent,1,0
pytest-smell,python,test_smell_109.py,DuplicateAssert,FN,test_discovery_silent,1,0
pytest-smell,python,test_smell_110.py,AssertionRoulette,FN,test_discovery_silent,1,0
pytest-smell,python,test_smell_110.py,DuplicateAssert,FN,test_discovery_silent,1,0
pytest-smell,python,test_smell_112.py,EmptyTest,FN,test_discovery_silent,1,0
pytest-smell,python,test_smell_112.py,UnknownTest,FN,test_discovery_silent,1,0
pytest-smell,python,test_smell_113.py,EmptyTest,FN,test_discovery_silent,1,0
pytest-smell,python,test_smell_113.py,UnknownTest,FN,test_discovery_silent,1,0
pytest-smell,python,test_smell_114.py,EmptyTest,FN,test_discovery_silent,1,0
pytest-smell,python,test_smell_114.py,UnknownTest,FN,test_discovery_silent,1,0
pytest-smell,python,test_smell_115.py,EmptyTest,FN,test_discovery_silent,1,0
pytest-smell,python,test_smell_115.py,UnknownTest,FN,test_discovery_silent,1,0
pytest-smell,python,test_smell_116.py,EmptyTest,FN,test_discovery_silent,1,0
pytest-smell,python,test_smell_116.py,UnknownTest,FN,test_discovery_silent,1,0
pytest-smell,python,test_smell_117.py,EmptyTest,FN,test_discovery_silent,1,0
pytest-smell,python,test_smell_117.py,UnknownTest,FN,test_discovery_silent,1,0
pytest-smell,python,test_smell_118.py,EmptyTest,FN,test_discovery_silent,1,0
pytest-smell,python,test_smell_118.py,UnknownTest,FN,test_discovery_silent,1,0
pytest-smell,python,test_smell_119.py,EmptyTest,FN,test_discovery_silent,1,0
pytest-smell,python,test_smell_119.py,UnknownTest,FN,test_discovery_silent,1,0
pytest-smell,python,test_smell_120.py,EmptyTest,FN,test_discovery_silent,1,0
pytest-smell,python,test_smell_120.py,IgnoredTest,FN,test_discovery_silent,1,0
pytest-smell,python,test_smell_120.py,UnknownTest,FN,test_discovery_silent,1,0
pytest-smell,python,test_smell_121.py,EmptyTest,FN,test_discovery_silent,1,0
pytest-smell,python,test_smell_121.py,UnknownTest,FN,test_discovery_silent,1,0
pytest-smell,python,test_smell_122.py,AssertionRoulette,FN,test_discovery_silent,1,0
pytest-smell,python,test_smell_122.py,ConditionalTestLogic,FN,test_discovery_silent,1,0
pytest-smell,python,test_smell_122.py,ExceptionHandling,FN,test_discovery_silent,1,0
pytest-smell,python,test_smell_122.py,MagicNumberTest,FN,test_discovery_silent,1,0
pytest-smell,python,test_smell_122.py,SleepyTest,FN,test_discovery_silent,1,0
pytest-smell,python,test_smell_123.py,ExceptionHandling,FN,test_discovery_silent,1,0
pytest-smell,python,test_smell_123.py,UnknownTest,FN,test_discovery_silent,1,0
pytest-smell,python,test_smell_125.py,ExceptionHandling,FN,other_unresolved,1,0
pytest-smell,python,test_smell_125.py,IgnoredTest,FN,other_unresolved,1,0
pytest-smell,python,test_smell_125.py,UnknownTest,FN,other_unresolved,1,0
pytest-smell,python,test_smell_127.py,DuplicateAssert,FP,other_unresolved,0,1
pytest-smell,python,test_smell_128.py,AssertionRoulette,FN,test_discovery_silent,1,0
pytest-smell,python,test_smell_128.py,ExceptionHandling,FN,test_discovery_silent,1,0
pytest-smell,python,test_smell_129.py,IgnoredTest,FN,other_unresolved,1,0
pytest-smell,python,test_smell_129.py,MagicNumberTest,FP,other_unresolved,0,1
pytest-smell,python,test_smell_130.py,IgnoredTest,FN,test_discovery_silent,1,0
pytest-smell,python,test_smell_130.py,UnknownTest,FN,test_discovery_silent,1,0
pytest-smell,python,test_smell_131.py,IgnoredTest,FN,test_discovery_silent,1,0
pytest-smell,python,test_smell_131.py,RedundantPrint,FN,test_discovery_silent,1,0
pytest-smell,python,test_smell_132.py,AssertionRoulette,FN,test_discovery_silent,1,0
pytest-smell,python,test_smell_132.py,IgnoredTest,FN,test_discovery_silent,1,0
pytest-smell,python,test_smell_132.py,MagicNumberTest,FN,test_discovery_silent,1,0
pytest-smell,python,test_smell_133.py,AssertionRoulette,FN,test_discovery_silent,1,0
pytest-smell,python,test_smell_133.py,ConditionalTestLogic,FN,test_discovery_silent,1,0
pytest-smell,python,test_smell_133.py,IgnoredTest,FN,test_discovery_silent,1,0
pytest-smell,python,test_smell_133.py,MagicNumberTest,FN,test_discovery_silent,1,0
pytest-smell,python,test_smell_134.py,MagicNumberTest,FP,other_unresolved,0,1
pytest-smell,python,test_smell_135.py,IgnoredTest,FN,other_unresolved,1,0
pytest-smell,python,test_smell_135.py,UnknownTest,FN,other_unresolved,1,0
pytest-smell,python,test_smell_136.py,IgnoredTest,FN,other_unresolved,1,0
pytest-smell,python,test_smell_136.py,MagicNumberTest,FP,other_unresolved,0,1
pytest-smell,python,test_smell_137.py,IgnoredTest,FN,test_discovery_silent,1,0
pytest-smell,python,test_smell_139.py,SleepyTest,FN,other_unresolved,1,0
pytest-smell,python,test_smell_140.py,ConditionalTestLogic,FN,test_discovery_silent,1,0
pytest-smell,python,test_smell_140.py,IgnoredTest,FN,test_discovery_silent,1,0
pytest-smell,python,test_smell_140.py,MagicNumberTest,FN,test_discovery_silent,1,0
pytest-smell,python,test_smell_141.py,AssertionRoulette,FN,test_discovery_silent,1,0
pytest-smell,python,test_smell_141.py,MagicNumberTest,FN,test_discovery_silent,1,0
pytest-smell,python,test_smell_143.py,RedundantPrint,FN,other_unresolved,1,0
pytest-smell,python,test_smell_144.py,AssertionRoulette,FN,test_discovery_silent,1,0
pytest-smell,python,test_smell_144.py,DuplicateAssert,FN,test_discovery_silent,1,0
pytest-smell,python,test_smell_144.py,RedundantPrint,FN,test_discovery_silent,1,0
pytest-smell,python,test_smell_145.py,AssertionRoulette,FN,other_unresolved,1,0
pytest-smell,python,test_smell_146.py,AssertionRoulette,FN,test_discovery_silent,1,0
pytest-smell,python,test_smell_146.py,MagicNumberTest,FN,test_discovery_silent,1,0
pytest-smell,python,test_smell_146.py,RedundantPrint,FN,test_discovery_silent,1,0
pytest-smell,python,test_smell_147.py,AssertionRoulette,FN,other_unresolved,1,0
pytest-smell,python,test_smell_148.py,AssertionRoulette,FN,test_discovery_silent,1,0
pytest-smell,python,test_smell_148.py,RedundantPrint,FN,test_discovery_silent,1,0
pytest-smell,python,test_smell_149.py,ConditionalTestLogic,FN,test_discovery_silent,1,0
pytest-smell,python,test_smell_149.py,RedundantPrint,FN,test_discovery_silent,1,0
pytest-smell,python,test_smell_149.py,SleepyTest,FN,test_discovery_silent,1,0
pytest-smell,python,test_smell_149.py,UnknownTest,FN,test_discovery_silent,1,0
pytest-smell,python,test_smell_150.py,AssertionRoulette,FN,test_discovery_silent,1,0
pytest-smell,python,test_smell_150.py,RedundantPrint,FN,test_discovery_silent,1,0
pytest-smell,python,test_smell_151.py,ConditionalTestLogic,FN,test_discovery_silent,1,0
pytest-smell,python,test_smell_151.py,RedundantPrint,FN,test_discovery_silent,1,0
pytest-smell,python,test_smell_151.py,SleepyTest,FN,test_discovery_silent,1,0
pytest-smell,python,test_smell_152.py,UnknownTest,FN,other_unresolved,1,0
pytest-smell,python,test_smell_153.py,SleepyTest,FN,other_unresolved,1,0
pytest-smell,python,test_smell_154.py,SleepyTest,FN,test_discovery_silent,1,0
pytest-smell,python,test_smell_155.py,SleepyTest,FN,test_discovery_silent,1,0
pytest-smell,python,test_smell_156.py,SleepyTest,FN,test_discovery_silent,1,0
pytest-smell,python,test_smell_156.py,UnknownTest,FN,test_discovery_silent,1,0
pytest-smell,python,test_smell_157.py,MagicNumberTest,FP,other_unresolved,0,1
pytest-smell,python,test_smell_157.py,SleepyTest,FN,other_unresolved,1,0
pytest-smell,python,test_smell_158.py,AssertionRoulette,FN,test_discovery_silent,1,0
pytest-smell,python,test_smell_158.py,ConditionalTestLogic,FN,test_discovery_silent,1,0
pytest-smell,python,test_smell_158.py,SleepyTest,FN,test_discovery_silent,1,0
pytest-smell,python,test_smell_159.py,UnknownTest,FN,other_unresolved,1,0
pytest-smell,python,test_smell_160.py,ConditionalTestLogic,FP,other_unresolved,0,1
pytest-smell,python,test_smell_160.py,UnknownTest,FN,other_unresolved,1,0
pytest-smell,python,test_smell_161.py,UnknownTest,FN,test_discovery_silent,1,0
pytest-smell,python,test_smell_162.py,UnknownTest,FN,test_discovery_silent,1,0
pytest-smell,python,test_smell_163.py,UnknownTest,FN,test_discovery_silent,1,0
pytest-smell,python,test_smell_164.py,EmptyTest,FN,test_discovery_silent,1,0
pytest-smell,python,test_smell_164.py,UnknownTest,FN,test_discovery_silent,1,0
pytest-smell,python,test_smell_165.py,ConditionalTestLogic,FN,test_discovery_silent,1,0
pytest-smell,python,test_smell_165.py,ExceptionHandling,FN,test_discovery_silent,1,0
pytest-smell,python,test_smell_165.py,UnknownTest,FN,test_discovery_silent,1,0
pytest-smell,python,test_smell_166.py,UnknownTest,FN,test_discovery_silent,1,0
TSDETECT,java,TestSmell002.java,AssertionRoulette,FN,other_unresolved,1,0
TSDETECT,java,TestSmell002.java,IgnoredTest,FP,other_unresolved,0,1
TSDETECT,java,TestSmell003.java,ExceptionHandling,FP,other_unresolved,0,1
TSDETECT,java,TestSmell003.java,MagicNumberTest,FP,smell_operationalization_fp,0,1
TSDETECT,java,TestSmell004.java,AssertionRoulette,FN,other_unresolved,1,0
TSDETECT,java,TestSmell004.java,ConditionalTestLogic,FN,other_unresolved,1,0
TSDETECT,java,TestSmell004.java,IgnoredTest,FP,other_unresolved,0,1
TSDETECT,java,TestSmell004.java,MagicNumberTest,FN,other_unresolved,1,0
TSDETECT,java,TestSmell005.java,MagicNumberTest,FP,smell_operationalization_fp,0,1
TSDETECT,java,TestSmell006.java,ExceptionHandling,FP,other_unresolved,0,1
TSDETECT,java,TestSmell006.java,MagicNumberTest,FP,smell_operationalization_fp,0,1
TSDETECT,java,TestSmell007.java,MagicNumberTest,FP,smell_operationalization_fp,0,1
TSDETECT,java,TestSmell008.java,AssertionRoulette,FN,other_unresolved,1,0
TSDETECT,java,TestSmell008.java,DuplicateAssert,FN,other_unresolved,1,0
TSDETECT,java,TestSmell008.java,ExceptionHandling,FN,other_unresolved,1,0
TSDETECT,java,TestSmell008.java,RedundantPrint,FN,other_unresolved,1,0
TSDETECT,java,TestSmell009.java,ExceptionHandling,FP,other_unresolved,0,1
TSDETECT,java,TestSmell009.java,MagicNumberTest,FP,smell_operationalization_fp,0,1
TSDETECT,java,TestSmell011.java,MagicNumberTest,FP,smell_operationalization_fp,0,1
TSDETECT,java,TestSmell012.java,AssertionRoulette,FN,test_discovery_silent,1,0
TSDETECT,java,TestSmell012.java,ConditionalTestLogic,FN,test_discovery_silent,1,0
TSDETECT,java,TestSmell012.java,MagicNumberTest,FN,test_discovery_silent,1,0
TSDETECT,java,TestSmell012.java,RedundantPrint,FN,test_discovery_silent,1,0
TSDETECT,java,TestSmell013.java,MagicNumberTest,FP,smell_operationalization_fp,0,1
TSDETECT,java,TestSmell014.java,MagicNumberTest,FP,smell_operationalization_fp,0,1
TSDETECT,java,TestSmell016.java,ConditionalTestLogic,FN,other_unresolved,1,0
TSDETECT,java,TestSmell016.java,MagicNumberTest,FP,smell_operationalization_fp,0,1
TSDETECT,java,TestSmell018.java,MagicNumberTest,FP,smell_operationalization_fp,0,1
TSDETECT,java,TestSmell019.java,MagicNumberTest,FP,smell_operationalization_fp,0,1
TSDETECT,java,TestSmell020.java,AssertionRoulette,FN,other_unresolved,1,0
TSDETECT,java,TestSmell020.java,DuplicateAssert,FN,other_unresolved,1,0
TSDETECT,java,TestSmell020.java,MagicNumberTest,FN,other_unresolved,1,0
TSDETECT,java,TestSmell022.java,MagicNumberTest,FP,smell_operationalization_fp,0,1
TSDETECT,java,TestSmell023.java,ExceptionHandling,FP,other_unresolved,0,1
TSDETECT,java,TestSmell024.java,AssertionRoulette,FN,other_unresolved,1,0
TSDETECT,java,TestSmell024.java,DuplicateAssert,FN,other_unresolved,1,0
TSDETECT,java,TestSmell024.java,ExceptionHandling,FN,other_unresolved,1,0
TSDETECT,java,TestSmell024.java,RedundantPrint,FN,other_unresolved,1,0
TSDETECT,java,TestSmell026.java,ExceptionHandling,FP,other_unresolved,0,1
TSDETECT,java,TestSmell026.java,MagicNumberTest,FP,smell_operationalization_fp,0,1
TSDETECT,java,TestSmell027.java,MagicNumberTest,FP,smell_operationalization_fp,0,1
TSDETECT,java,TestSmell028.java,AssertionRoulette,FN,test_discovery_silent,1,0
TSDETECT,java,TestSmell028.java,DuplicateAssert,FN,test_discovery_silent,1,0
TSDETECT,java,TestSmell029.java,MagicNumberTest,FP,smell_operationalization_fp,0,1
TSDETECT,java,TestSmell030.java,EmptyTest,FN,test_discovery_silent,1,0
TSDETECT,java,TestSmell030.java,UnknownTest,FN,test_discovery_silent,1,0
TSDETECT,java,TestSmell031.java,EmptyTest,FN,other_unresolved,1,0
TSDETECT,java,TestSmell031.java,IgnoredTest,FP,other_unresolved,0,1
TSDETECT,java,TestSmell031.java,UnknownTest,FN,other_unresolved,1,0
TSDETECT,java,TestSmell032.java,EmptyTest,FN,test_discovery_silent,1,0
TSDETECT,java,TestSmell032.java,UnknownTest,FN,test_discovery_silent,1,0
TSDETECT,java,TestSmell033.java,EmptyTest,FN,test_discovery_silent,1,0
TSDETECT,java,TestSmell033.java,UnknownTest,FN,test_discovery_silent,1,0
TSDETECT,java,TestSmell034.java,MagicNumberTest,FP,smell_operationalization_fp,0,1
TSDETECT,java,TestSmell035.java,EmptyTest,FN,other_unresolved,1,0
TSDETECT,java,TestSmell035.java,IgnoredTest,FP,other_unresolved,0,1
TSDETECT,java,TestSmell035.java,UnknownTest,FN,other_unresolved,1,0
TSDETECT,java,TestSmell036.java,EmptyTest,FN,other_unresolved,1,0
TSDETECT,java,TestSmell036.java,UnknownTest,FN,other_unresolved,1,0
TSDETECT,java,TestSmell037.java,EmptyTest,FN,other_unresolved,1,0
TSDETECT,java,TestSmell037.java,IgnoredTest,FP,other_unresolved,0,1
TSDETECT,java,TestSmell037.java,UnknownTest,FN,other_unresolved,1,0
TSDETECT,java,TestSmell038.java,MagicNumberTest,FP,smell_operationalization_fp,0,1
TSDETECT,java,TestSmell039.java,MagicNumberTest,FP,smell_operationalization_fp,0,1
TSDETECT,java,TestSmell041.java,MagicNumberTest,FP,smell_operationalization_fp,0,1
TSDETECT,java,TestSmell042.java,MagicNumberTest,FP,smell_operationalization_fp,0,1
TSDETECT,java,TestSmell043.java,MagicNumberTest,FP,smell_operationalization_fp,0,1
TSDETECT,java,TestSmell044.java,AssertionRoulette,FN,other_unresolved,1,0
TSDETECT,java,TestSmell044.java,DuplicateAssert,FN,other_unresolved,1,0
TSDETECT,java,TestSmell044.java,ExceptionHandling,FN,other_unresolved,1,0
TSDETECT,java,TestSmell044.java,RedundantPrint,FN,other_unresolved,1,0
TSDETECT,java,TestSmell046.java,MagicNumberTest,FP,smell_operationalization_fp,0,1
TSDETECT,java,TestSmell047.java,MagicNumberTest,FP,smell_operationalization_fp,0,1
TSDETECT,java,TestSmell048.java,MagicNumberTest,FP,smell_operationalization_fp,0,1
TSDETECT,java,TestSmell051.java,AssertionRoulette,FN,other_unresolved,1,0
TSDETECT,java,TestSmell053.java,UnknownTest,FN,other_unresolved,1,0
TSDETECT,java,TestSmell054.java,ExceptionHandling,FP,other_unresolved,0,1
TSDETECT,java,TestSmell054.java,MagicNumberTest,FP,smell_operationalization_fp,0,1
TSDETECT,java,TestSmell055.java,AssertionRoulette,FN,other_unresolved,1,0
TSDETECT,java,TestSmell056.java,UnknownTest,FN,other_unresolved,1,0
TSDETECT,java,TestSmell060.java,MagicNumberTest,FN,test_discovery_silent,1,0
TSDETECT,java,TestSmell063.java,ExceptionHandling,FP,other_unresolved,0,1
TSDETECT,java,TestSmell065.java,MagicNumberTest,FP,smell_operationalization_fp,0,1
TSDETECT,java,TestSmell066.java,RedundantPrint,FN,other_unresolved,1,0
TSDETECT,java,TestSmell067.java,ConditionalTestLogic,FN,other_unresolved,1,0
TSDETECT,java,TestSmell067.java,MagicNumberTest,FP,smell_operationalization_fp,0,1
TSDETECT,java,TestSmell068.java,AssertionRoulette,FN,other_unresolved,1,0
TSDETECT,java,TestSmell068.java,ConditionalTestLogic,FN,other_unresolved,1,0
TSDETECT,java,TestSmell068.java,IgnoredTest,FP,other_unresolved,0,1
TSDETECT,java,TestSmell068.java,RedundantPrint,FN,other_unresolved,1,0
TSDETECT,java,TestSmell069.java,ExceptionHandling,FP,other_unresolved,0,1
TSDETECT,java,TestSmell069.java,MagicNumberTest,FP,smell_operationalization_fp,0,1
TSDETECT,java,TestSmell070.java,MagicNumberTest,FP,smell_operationalization_fp,0,1
TSDETECT,java,TestSmell071.java,MagicNumberTest,FP,smell_operationalization_fp,0,1
TSDETECT,java,TestSmell072.java,ExceptionHandling,FP,other_unresolved,0,1
TSDETECT,java,TestSmell072.java,MagicNumberTest,FP,smell_operationalization_fp,0,1
TSDETECT,java,TestSmell073.java,DuplicateAssert,FP,other_unresolved,0,1
TSDETECT,java,TestSmell073.java,MagicNumberTest,FP,smell_operationalization_fp,0,1
TSDETECT,java,TestSmell074.java,MagicNumberTest,FP,smell_operationalization_fp,0,1
TSDETECT,java,TestSmell075.java,ExceptionHandling,FP,other_unresolved,0,1
TSDETECT,java,TestSmell075.java,MagicNumberTest,FP,smell_operationalization_fp,0,1
TSDETECT,java,TestSmell076.java,ExceptionHandling,FP,other_unresolved,0,1
TSDETECT,java,TestSmell076.java,MagicNumberTest,FP,smell_operationalization_fp,0,1
TSDETECT,java,TestSmell077.java,MagicNumberTest,FP,smell_operationalization_fp,0,1
TSDETECT,java,TestSmell077.java,RedundantPrint,FN,other_unresolved,1,0
TSDETECT,java,TestSmell078.java,MagicNumberTest,FP,smell_operationalization_fp,0,1
TSDETECT,java,TestSmell079.java,MagicNumberTest,FP,smell_operationalization_fp,0,1
TSDETECT,java,TestSmell080.java,MagicNumberTest,FP,smell_operationalization_fp,0,1
TSDETECT,java,TestSmell081.java,MagicNumberTest,FP,smell_operationalization_fp,0,1
TSDETECT,java,TestSmell082.java,MagicNumberTest,FP,smell_operationalization_fp,0,1
TSDETECT,java,TestSmell083.java,MagicNumberTest,FP,smell_operationalization_fp,0,1
TSDETECT,java,TestSmell084.java,MagicNumberTest,FP,smell_operationalization_fp,0,1
TSDETECT,java,TestSmell085.java,MagicNumberTest,FP,smell_operationalization_fp,0,1
TSDETECT,java,TestSmell086.java,MagicNumberTest,FP,smell_operationalization_fp,0,1
TSDETECT,java,TestSmell088.java,MagicNumberTest,FP,smell_operationalization_fp,0,1
TSDETECT,java,TestSmell089.java,MagicNumberTest,FP,smell_operationalization_fp,0,1
TSDETECT,java,TestSmell090.java,MagicNumberTest,FP,smell_operationalization_fp,0,1
TSDETECT,java,TestSmell091.java,ExceptionHandling,FN,other_unresolved,1,0
TSDETECT,java,TestSmell091.java,MagicNumberTest,FP,smell_operationalization_fp,0,1
TSDETECT,java,TestSmell094.java,MagicNumberTest,FP,smell_operationalization_fp,0,1
TSDETECT,java,TestSmell096.java,MagicNumberTest,FP,smell_operationalization_fp,0,1
TSDETECT,java,TestSmell098.java,MagicNumberTest,FP,smell_operationalization_fp,0,1
TSDETECT,java,TestSmell099.java,MagicNumberTest,FP,smell_operationalization_fp,0,1
TSDETECT,java,TestSmell100.java,ExceptionHandling,FP,other_unresolved,0,1
TSDETECT,java,TestSmell100.java,MagicNumberTest,FP,smell_operationalization_fp,0,1
TSDETECT,java,TestSmell101.java,MagicNumberTest,FP,smell_operationalization_fp,0,1
TSDETECT,java,TestSmell102.java,MagicNumberTest,FP,smell_operationalization_fp,0,1
TSDETECT,java,TestSmell103.java,MagicNumberTest,FP,smell_operationalization_fp,0,1
TSDETECT,java,TestSmell104.java,MagicNumberTest,FP,smell_operationalization_fp,0,1
TSDETECT,java,TestSmell105.java,ConditionalTestLogic,FP,other_unresolved,0,1
TSDETECT,java,TestSmell107.java,ConditionalTestLogic,FP,other_unresolved,0,1
TSDETECT,java,TestSmell108.java,DuplicateAssert,FN,other_unresolved,1,0
TSDETECT,java,TestSmell108.java,MagicNumberTest,FP,smell_operationalization_fp,0,1
TSDETECT,java,TestSmell109.java,MagicNumberTest,FP,smell_operationalization_fp,0,1
TSDETECT,java,TestSmell110.java,MagicNumberTest,FP,smell_operationalization_fp,0,1
TSDETECT,java,TestSmell112.java,MagicNumberTest,FP,smell_operationalization_fp,0,1
TSDETECT,java,TestSmell113.java,MagicNumberTest,FP,smell_operationalization_fp,0,1
TSDETECT,java,TestSmell114.java,MagicNumberTest,FP,smell_operationalization_fp,0,1
TSDETECT,java,TestSmell115.java,MagicNumberTest,FP,smell_operationalization_fp,0,1
TSDETECT,java,TestSmell116.java,MagicNumberTest,FP,smell_operationalization_fp,0,1
TSDETECT,java,TestSmell117.java,MagicNumberTest,FP,smell_operationalization_fp,0,1
TSDETECT,java,TestSmell118.java,MagicNumberTest,FP,smell_operationalization_fp,0,1
TSDETECT,java,TestSmell119.java,MagicNumberTest,FP,smell_operationalization_fp,0,1
TSDETECT,java,TestSmell120.java,MagicNumberTest,FP,smell_operationalization_fp,0,1
TSDETECT,java,TestSmell121.java,MagicNumberTest,FP,smell_operationalization_fp,0,1
TSDETECT,java,TestSmell122.java,AssertionRoulette,FN,other_unresolved,1,0
TSDETECT,java,TestSmell122.java,SleepyTest,FN,other_unresolved,1,0
TSDETECT,java,TestSmell122.java,UnknownTest,FP,other_unresolved,0,1
TSDETECT,java,TestSmell123.java,DuplicateAssert,FP,other_unresolved,0,1
TSDETECT,java,TestSmell123.java,MagicNumberTest,FP,smell_operationalization_fp,0,1
TSDETECT,java,TestSmell124.java,MagicNumberTest,FP,smell_operationalization_fp,0,1
TSDETECT,java,TestSmell125.java,MagicNumberTest,FP,smell_operationalization_fp,0,1
TSDETECT,java,TestSmell126.java,MagicNumberTest,FP,smell_operationalization_fp,0,1
TSDETECT,java,TestSmell128.java,ExceptionHandling,FN,other_unresolved,1,0
TSDETECT,java,TestSmell128.java,MagicNumberTest,FP,smell_operationalization_fp,0,1
TSDETECT,java,TestSmell129.java,AssertionRoulette,FN,other_unresolved,1,0
TSDETECT,java,TestSmell129.java,ConditionalTestLogic,FN,other_unresolved,1,0
TSDETECT,java,TestSmell129.java,ExceptionHandling,FN,other_unresolved,1,0
TSDETECT,java,TestSmell129.java,MagicNumberTest,FN,other_unresolved,1,0
TSDETECT,java,TestSmell130.java,ExceptionHandling,FN,other_unresolved,1,0
TSDETECT,java,TestSmell130.java,MagicNumberTest,FN,other_unresolved,1,0
TSDETECT,java,TestSmell131.java,AssertionRoulette,FN,other_unresolved,1,0
TSDETECT,java,TestSmell131.java,RedundantPrint,FN,other_unresolved,1,0
TSDETECT,java,TestSmell132.java,AssertionRoulette,FN,other_unresolved,1,0
TSDETECT,java,TestSmell132.java,MagicNumberTest,FN,other_unresolved,1,0
TSDETECT,java,TestSmell133.java,AssertionRoulette,FN,other_unresolved,1,0
TSDETECT,java,TestSmell133.java,ConditionalTestLogic,FN,other_unresolved,1,0
TSDETECT,java,TestSmell133.java,MagicNumberTest,FN,other_unresolved,1,0
TSDETECT,java,TestSmell135.java,ConditionalTestLogic,FN,other_unresolved,1,0
TSDETECT,java,TestSmell135.java,UnknownTest,FN,other_unresolved,1,0
TSDETECT,java,TestSmell137.java,AssertionRoulette,FN,other_unresolved,1,0
TSDETECT,java,TestSmell137.java,DuplicateAssert,FN,other_unresolved,1,0
TSDETECT,java,TestSmell144.java,MagicNumberTest,FP,smell_operationalization_fp,0,1
TSDETECT,java,TestSmell148.java,MagicNumberTest,FP,smell_operationalization_fp,0,1
TSDETECT,java,TestSmell149.java,MagicNumberTest,FP,smell_operationalization_fp,0,1
TSDETECT,java,TestSmell150.java,MagicNumberTest,FP,smell_operationalization_fp,0,1
TSDETECT,java,TestSmell151.java,ExceptionHandling,FP,other_unresolved,0,1
TSDETECT,java,TestSmell151.java,MagicNumberTest,FP,smell_operationalization_fp,0,1
TSDETECT,java,TestSmell152.java,MagicNumberTest,FP,smell_operationalization_fp,0,1
TSDETECT,java,TestSmell155.java,MagicNumberTest,FP,smell_operationalization_fp,0,1
TSDETECT,java,TestSmell156.java,MagicNumberTest,FP,smell_operationalization_fp,0,1
TSDETECT,java,TestSmell157.java,MagicNumberTest,FP,smell_operationalization_fp,0,1
TSDETECT,java,TestSmell159.java,MagicNumberTest,FP,smell_operationalization_fp,0,1
TSDETECT,java,TestSmell160.java,MagicNumberTest,FP,smell_operationalization_fp,0,1
TSDETECT,java,TestSmell161.java,MagicNumberTest,FP,smell_operationalization_fp,0,1
TSDETECT,java,TestSmell162.java,MagicNumberTest,FP,smell_operationalization_fp,0,1
TSDETECT,java,TestSmell163.java,MagicNumberTest,FP,smell_operationalization_fp,0,1
TSDETECT,java,TestSmell164.java,MagicNumberTest,FP,smell_operationalization_fp,0,1
TSDETECT,java,TestSmell165.java,MagicNumberTest,FP,smell_operationalization_fp,0,1
TSDETECT,java,TestSmell166.java,MagicNumberTest,FP,smell_operationalization_fp,0,1
xNose,csharp,TestSmell001.cs,DuplicateAssert,FP,smell_operationalization_fp,0,1
xNose,csharp,TestSmell002.cs,AssertionRoulette,FN,test_discovery_silent,1,0
xNose,csharp,TestSmell003.cs,DuplicateAssert,FP,smell_operationalization_fp,0,1
xNose,csharp,TestSmell005.cs,DuplicateAssert,FP,smell_operationalization_fp,0,1
xNose,csharp,TestSmell006.cs,DuplicateAssert,FP,smell_operationalization_fp,0,1
xNose,csharp,TestSmell009.cs,AssertionRoulette,FN,other_unresolved,1,0
xNose,csharp,TestSmell009.cs,DuplicateAssert,FP,smell_operationalization_fp,0,1
xNose,csharp,TestSmell010.cs,AssertionRoulette,FN,other_unresolved,1,0
xNose,csharp,TestSmell010.cs,DuplicateAssert,FP,smell_operationalization_fp,0,1
xNose,csharp,TestSmell010.cs,MagicNumberTest,FN,other_unresolved,1,0
xNose,csharp,TestSmell012.cs,AssertionRoulette,FN,other_unresolved,1,0
xNose,csharp,TestSmell012.cs,DuplicateAssert,FP,smell_operationalization_fp,0,1
xNose,csharp,TestSmell014.cs,DuplicateAssert,FP,smell_operationalization_fp,0,1
xNose,csharp,TestSmell016.cs,DuplicateAssert,FP,smell_operationalization_fp,0,1
xNose,csharp,TestSmell016.cs,RedundantPrint,FN,other_unresolved,1,0
xNose,csharp,TestSmell017.cs,DuplicateAssert,FP,smell_operationalization_fp,0,1
xNose,csharp,TestSmell018.cs,DuplicateAssert,FP,smell_operationalization_fp,0,1
xNose,csharp,TestSmell023.cs,AssertionRoulette,FN,other_unresolved,1,0
xNose,csharp,TestSmell024.cs,AssertionRoulette,FN,other_unresolved,1,0
xNose,csharp,TestSmell028.cs,MagicNumberTest,FP,other_unresolved,0,1
xNose,csharp,TestSmell029.cs,AssertionRoulette,FN,other_unresolved,1,0
xNose,csharp,TestSmell029.cs,MagicNumberTest,FP,other_unresolved,0,1
xNose,csharp,TestSmell041.cs,DuplicateAssert,FP,smell_operationalization_fp,0,1
xNose,csharp,TestSmell043.cs,AssertionRoulette,FN,other_unresolved,1,0
xNose,csharp,TestSmell045.cs,DuplicateAssert,FP,smell_operationalization_fp,0,1
xNose,csharp,TestSmell045.cs,MagicNumberTest,FN,other_unresolved,1,0
xNose,csharp,TestSmell047.cs,AssertionRoulette,FN,test_discovery_silent,1,0
xNose,csharp,TestSmell048.cs,DuplicateAssert,FP,smell_operationalization_fp,0,1
xNose,csharp,TestSmell051.cs,DuplicateAssert,FP,smell_operationalization_fp,0,1
xNose,csharp,TestSmell051.cs,MagicNumberTest,FP,other_unresolved,0,1
xNose,csharp,TestSmell051.cs,UnknownTest,FN,other_unresolved,1,0
xNose,csharp,TestSmell053.cs,UnknownTest,FN,other_unresolved,1,0
xNose,csharp,TestSmell055.cs,AssertionRoulette,FN,other_unresolved,1,0
xNose,csharp,TestSmell055.cs,DuplicateAssert,FP,smell_operationalization_fp,0,1
xNose,csharp,TestSmell058.cs,DuplicateAssert,FP,smell_operationalization_fp,0,1
xNose,csharp,TestSmell058.cs,MagicNumberTest,FN,other_unresolved,1,0
xNose,csharp,TestSmell060.cs,MagicNumberTest,FN,test_discovery_silent,1,0
xNose,csharp,TestSmell062.cs,MagicNumberTest,FN,test_discovery_silent,1,0
xNose,csharp,TestSmell064.cs,DuplicateAssert,FP,smell_operationalization_fp,0,1
xNose,csharp,TestSmell064.cs,MagicNumberTest,FN,other_unresolved,1,0
xNose,csharp,TestSmell065.cs,DuplicateAssert,FP,smell_operationalization_fp,0,1
xNose,csharp,TestSmell068.cs,DuplicateAssert,FP,smell_operationalization_fp,0,1
xNose,csharp,TestSmell069.cs,MagicNumberTest,FN,other_unresolved,1,0
xNose,csharp,TestSmell070.cs,DuplicateAssert,FP,smell_operationalization_fp,0,1
xNose,csharp,TestSmell071.cs,AssertionRoulette,FN,other_unresolved,1,0
xNose,csharp,TestSmell071.cs,DuplicateAssert,FP,smell_operationalization_fp,0,1
xNose,csharp,TestSmell073.cs,AssertionRoulette,FP,other_unresolved,0,1
xNose,csharp,TestSmell073.cs,MagicNumberTest,FP,other_unresolved,0,1
xNose,csharp,TestSmell074.cs,DuplicateAssert,FP,smell_operationalization_fp,0,1
xNose,csharp,TestSmell075.cs,MagicNumberTest,FN,other_unresolved,1,0
xNose,csharp,TestSmell076.cs,DuplicateAssert,FP,smell_operationalization_fp,0,1
xNose,csharp,TestSmell077.cs,DuplicateAssert,FP,smell_operationalization_fp,0,1
xNose,csharp,TestSmell077.cs,UnknownTest,FN,other_unresolved,1,0
xNose,csharp,TestSmell081.cs,UnknownTest,FN,test_discovery_silent,1,0
xNose,csharp,TestSmell082.cs,UnknownTest,FN,test_discovery_silent,1,0
xNose,csharp,TestSmell083.cs,UnknownTest,FN,test_discovery_silent,1,0
xNose,csharp,TestSmell084.cs,UnknownTest,FN,test_discovery_silent,1,0
xNose,csharp,TestSmell085.cs,ConditionalTestLogic,FN,other_unresolved,1,0
xNose,csharp,TestSmell086.cs,AssertionRoulette,FN,other_unresolved,1,0
xNose,csharp,TestSmell086.cs,DuplicateAssert,FP,smell_operationalization_fp,0,1
xNose,csharp,TestSmell087.cs,AssertionRoulette,FN,other_unresolved,1,0
xNose,csharp,TestSmell088.cs,AssertionRoulette,FN,other_unresolved,1,0
xNose,csharp,TestSmell088.cs,EmptyTest,FP,other_unresolved,0,1
xNose,csharp,TestSmell088.cs,UnknownTest,FP,other_unresolved,0,1
xNose,csharp,TestSmell090.cs,DuplicateAssert,FP,smell_operationalization_fp,0,1
xNose,csharp,TestSmell091.cs,MagicNumberTest,FP,other_unresolved,0,1
xNose,csharp,TestSmell093.cs,DuplicateAssert,FP,smell_operationalization_fp,0,1
xNose,csharp,TestSmell093.cs,MagicNumberTest,FN,other_unresolved,1,0
xNose,csharp,TestSmell094.cs,DuplicateAssert,FP,smell_operationalization_fp,0,1
xNose,csharp,TestSmell095.cs,DuplicateAssert,FP,smell_operationalization_fp,0,1
xNose,csharp,TestSmell096.cs,AssertionRoulette,FN,other_unresolved,1,0
xNose,csharp,TestSmell096.cs,DuplicateAssert,FP,smell_operationalization_fp,0,1
xNose,csharp,TestSmell097.cs,AssertionRoulette,FN,other_unresolved,1,0
xNose,csharp,TestSmell097.cs,MagicNumberTest,FN,other_unresolved,1,0
xNose,csharp,TestSmell099.cs,DuplicateAssert,FP,smell_operationalization_fp,0,1
xNose,csharp,TestSmell100.cs,DuplicateAssert,FP,smell_operationalization_fp,0,1
xNose,csharp,TestSmell101.cs,DuplicateAssert,FP,smell_operationalization_fp,0,1
xNose,csharp,TestSmell102.cs,DuplicateAssert,FP,smell_operationalization_fp,0,1
xNose,csharp,TestSmell103.cs,DuplicateAssert,FP,smell_operationalization_fp,0,1
xNose,csharp,TestSmell108.cs,DuplicateAssert,FN,other_unresolved,1,0
xNose,csharp,TestSmell109.cs,DuplicateAssert,FN,other_unresolved,1,0
xNose,csharp,TestSmell110.cs,DuplicateAssert,FN,other_unresolved,1,0
xNose,csharp,TestSmell122.cs,AssertionRoulette,FN,other_unresolved,1,0
xNose,csharp,TestSmell122.cs,DuplicateAssert,FP,smell_operationalization_fp,0,1
xNose,csharp,TestSmell123.cs,AssertionRoulette,FN,test_discovery_silent,1,0
xNose,csharp,TestSmell123.cs,DuplicateAssert,FN,test_discovery_silent,1,0
xNose,csharp,TestSmell124.cs,AssertionRoulette,FN,test_discovery_silent,1,0
xNose,csharp,TestSmell125.cs,UnknownTest,FN,other_unresolved,1,0
xNose,csharp,TestSmell127.cs,DuplicateAssert,FN,other_unresolved,1,0
xNose,csharp,TestSmell128.cs,AssertionRoulette,FN,other_unresolved,1,0
xNose,csharp,TestSmell128.cs,DuplicateAssert,FP,smell_operationalization_fp,0,1
xNose,csharp,TestSmell128.cs,MagicNumberTest,FP,other_unresolved,0,1
xNose,csharp,TestSmell129.cs,DuplicateAssert,FP,smell_operationalization_fp,0,1
xNose,csharp,TestSmell133.cs,AssertionRoulette,FN,other_unresolved,1,0
xNose,csharp,TestSmell133.cs,DuplicateAssert,FP,smell_operationalization_fp,0,1
xNose,csharp,TestSmell135.cs,DuplicateAssert,FP,smell_operationalization_fp,0,1
xNose,csharp,TestSmell136.cs,DuplicateAssert,FP,smell_operationalization_fp,0,1
xNose,csharp,TestSmell139.cs,DuplicateAssert,FP,smell_operationalization_fp,0,1
xNose,csharp,TestSmell141.cs,AssertionRoulette,FN,other_unresolved,1,0
xNose,csharp,TestSmell142.cs,MagicNumberTest,FN,other_unresolved,1,0
xNose,csharp,TestSmell143.cs,MagicNumberTest,FN,other_unresolved,1,0
xNose,csharp,TestSmell147.cs,DuplicateAssert,FP,smell_operationalization_fp,0,1
xNose,csharp,TestSmell148.cs,AssertionRoulette,FP,other_unresolved,0,1
xNose,csharp,TestSmell151.cs,DuplicateAssert,FP,smell_operationalization_fp,0,1
xNose,csharp,TestSmell152.cs,DuplicateAssert,FP,smell_operationalization_fp,0,1
xNose,csharp,TestSmell153.cs,DuplicateAssert,FP,smell_operationalization_fp,0,1
xNose,csharp,TestSmell154.cs,DuplicateAssert,FP,smell_operationalization_fp,0,1
xNose,csharp,TestSmell155.cs,DuplicateAssert,FP,smell_operationalization_fp,0,1
xNose,csharp,TestSmell157.cs,DuplicateAssert,FP,smell_operationalization_fp,0,1
xNose,csharp,TestSmell158.cs,AssertionRoulette,FP,other_unresolved,0,1
xNose,csharp,TestSmell158.cs,DuplicateAssert,FP,smell_operationalization_fp,0,1
