subset,language,origin,n_files,n_cells,TP,FP,FN,TN,Precision,Recall,F1
native Java,java,java,84,840,193,6,5,636,0.9698492462311558,0.9747474747474747,0.9722921914357683
native Python,python,python,82,820,175,2,11,632,0.9887005649717514,0.9408602150537635,0.9641873278236914
Java translated from Python,java,python,82,820,205,5,1,609,0.9761904761904762,0.9951456310679612,0.9855769230769231
Python translated from Java,python,java,84,840,208,4,3,625,0.9811320754716981,0.985781990521327,0.983451536643026
csharp from Java,csharp,java,84,840,203,3,4,630,0.9854368932038835,0.9806763285024155,0.9830508474576272
csharp from Python,csharp,python,82,820,179,5,7,629,0.9728260869565217,0.9623655913978495,0.9675675675675676
javascript from Java,javascript,java,84,840,211,3,5,621,0.985981308411215,0.9768518518518519,0.9813953488372092
javascript from Python,javascript,python,82,820,195,4,7,614,0.9798994974874372,0.9653465346534653,0.972568578553616
typescript from Java,typescript,java,84,840,207,3,6,624,0.9857142857142858,0.971830985915493,0.9787234042553191
typescript from Python,typescript,python,82,820,187,6,14,613,0.9689119170984456,0.9303482587064676,0.949238578680203
native Java and Python,multiple,multiple,166,1660,368,8,16,1268,0.9787234042553191,0.9583333333333334,0.968421052631579
all translated variants,multiple,multiple,664,6640,1595,33,47,4965,0.9797297297297297,0.9713763702801461,0.9755351681957186
