language,smell,errors,FP,FN
java,AssertionRoulette,2,0,2
java,ConditionalTestLogic,1,0,1
java,DuplicateAssert,6,6,0
java,ExceptionHandling,1,0,1
java,MagicNumberTest,3,3,0
java,RedundantPrint,2,0,2
java,UnknownTest,2,2,0
python,AssertionRoulette,3,1,2
python,ConditionalTestLogic,6,0,6
python,DuplicateAssert,4,4,0
python,ExceptionHandling,3,0,3
python,MagicNumberTest,3,1,2
python,RedundantPrint,1,0,1
csharp,AssertionRoulette,5,2,3
csharp,ConditionalTestLogic,1,0,1
csharp,DuplicateAssert,5,4,1
csharp,MagicNumberTest,6,0,6
csharp,UnknownTest,2,2,0
javascript,AssertionRoulette,2,0,2
javascript,ConditionalTestLogic,5,1,4
javascript,MagicNumberTest,7,3,4
javascript,RedundantPrint,2,0,2
javascript,UnknownTest,3,3,0
typescript,AssertionRoulette,3,0,3
typescript,ConditionalTestLogic,8,0,8
typescript,DuplicateAssert,2,0,2
typescript,EmptyTest,1,1,0
typescript,ExceptionHandling,1,0,1
typescript,MagicNumberTest,7,3,4
typescript,SleepyTest,2,0,2
typescript,UnknownTest,5,5,0
