TestSmell,Precision,Precision_CI_Lower,Precision_CI_Upper,Recall,Recall_CI_Lower,Recall_CI_Upper,F1,F1_CI_Lower,F1_CI_Upper
AssertionRoulette,0.9444444444444444,0.8799827586206896,1.0,0.6986301369863014,0.5945734797297297,0.8101436879917893,0.8031496062992126,0.7241114058355438,0.8759124087591241
ConditionalTestLogic,1.0,1.0,1.0,0.9772727272727273,0.918918918918919,1.0,0.9885057471264368,0.9577464788732394,1.0
DuplicateAssert,0.32894736842105265,0.22666666666666666,0.4366237655819977,0.8333333333333334,0.6799354838709678,0.96,0.4716981132075472,0.34691915227629516,0.5794694000602953
EmptyTest,0.9565217391304348,0.8570105820105821,1.0,1.0,1.0,1.0,0.9777777777777777,0.9230000000000002,1.0
IgnoredTest,1.0,1.0,1.0,1.0,1.0,1.0,1.0,1.0,1.0
MagicNumberTest,0.8536585365853658,0.7380252100840338,0.9545707070707071,0.7446808510638298,0.6153409090909092,0.8723500967117989,0.7954545454545454,0.6947295321637428,0.8842571618920719
RedundantPrint,1.0,1.0,1.0,0.9714285714285714,0.9062127976190476,1.0,0.9855072463768116,0.9507991803278688,1.0
SleepyTest,1.0,1.0,1.0,1.0,1.0,1.0,1.0,1.0,1.0
UnknownTest,0.975609756097561,0.9209992887624466,1.0,0.8333333333333334,0.7173810500410172,0.9375,0.898876404494382,0.8249935567010309,0.96
